itemCollection_systemStores_MechParts_common,Reference,1,100
itemCollection_systemStores_MechParts_Marian,Reference,1,30
itemCollection_systemStores_MechParts_Marik,Reference,1,20
itemCollection_systemStores_MechParts_Magistracy,Reference,1,15
itemCollection_systemStores_MechParts_Steiner,Reference,1,5
itemCollection_systemStores_MechParts_Liao,Reference,1,5
itemCollection_systemStores_MechParts_Taurian,Reference,1,5
itemCollection_systemStores_MechParts_Davion,Reference,1,5
itemCollection_systemStores_MechParts_Kurita,Reference,1,5
itemCollection_systemStores_MechParts_Ives,Reference,1,5
itemCollection_systemStores_MechParts_Outworld,Reference,1,5
itemCollection_systemStores_MechParts_BlackMarket_extinct_Kurita,Reference,1,1
itemCollection_systemStores_MechParts_BlackMarket_extinct_Liao,Reference,1,1
itemCollection_systemStores_MechParts_BlackMarket_extinct_Marik,Reference,1,2
itemCollection_systemStores_MechParts_BlackMarket_extinct_Steiner,Reference,1,1
itemCollection_systemStores_MechParts_BlackMarket_extinct_Davion,Reference,1,1
