itemCollection_systemStores_Mechs_Steiner,Reference,1,100
itemCollection_systemStores_Mechs_Kurita,Reference,1,25
itemCollection_systemStores_Mechs_Marik,Reference,1,25
itemCollection_systemStores_Mechs_Davion,Reference,1,10
itemCollection_systemStores_Mechs_Ives,Reference,1,5
itemCollection_systemStores_Mechs_Liao,Reference,1,5
itemCollection_systemStores_Mechs_Outworld,Reference,1,5
itemCollection_systemStores_Mechs_Marian,Reference,1,5
itemCollection_systemStores_Mechs_common,Reference,1,20
itemCollection_systemStores_BlackMarket_Rare_Steiner,Reference,1,2
